City_ID,City,Country,Lat,Lng,Max Temp,Humidity,Cloudiness,Wind Speed,Current Description
0,Halifax,CA,44.6453,-63.5724,67.89,84,40,10.36,fog
1,Arraial Do Cabo,BR,-22.9661,-42.0278,73.15,86,20,16.78,few clouds
2,Saint Anthony,US,45.0205,-93.218,39.24,45,40,17.27,scattered clouds
3,Tutoia,BR,-2.7619,-42.2744,83.12,72,10,15.32,clear sky
4,Carnarvon,AU,-24.8667,113.6333,63.97,62,0,20.24,clear sky
5,Morondava,MG,-20.2833,44.2833,77.43,78,5,14.72,clear sky
6,Iqaluit,CA,63.7506,-68.5145,32.7,69,100,15.99,overcast clouds
7,Hermanus,ZA,-34.4187,19.2345,63.81,95,62,3.89,broken clouds
8,Requena,ES,39.4883,-1.1004,63.79,85,97,4.25,overcast clouds
9,Gamboula,CF,4.1178,15.1393,69.85,94,88,0.87,overcast clouds
10,Grand Gaube,MU,-20.0064,57.6608,67.37,76,61,1.99,broken clouds
11,Umarkot,PK,25.3616,69.7362,82.44,24,0,9.91,clear sky
12,Ushuaia,AR,-54.8,-68.3,53.26,58,20,29.93,few clouds
13,Souillac,MU,-20.5167,57.5167,70.63,72,53,10.4,broken clouds
14,Mamallapuram,IN,12.6264,80.1722,84.25,77,100,3.02,overcast clouds
15,Birjand,IR,32.8663,59.2211,63.05,26,7,8.37,clear sky
16,Nantucket,US,41.2835,-70.0995,64.99,84,96,18.68,overcast clouds
17,Upernavik,GL,72.7868,-56.1549,37.69,96,100,21.94,moderate rain
18,Hamilton,US,39.1834,-84.5333,50.09,44,100,8.99,overcast clouds
19,Saint-Philippe,RE,-21.3585,55.7679,71.19,84,43,9.46,scattered clouds
20,Cururupu,BR,-1.8283,-44.8683,86.63,57,26,7.14,scattered clouds
21,Thiruvananthapuram,IN,8.4833,76.9167,78.78,89,75,0.0,light rain
22,Cape Town,ZA,-33.9258,18.4232,65.08,80,0,12.66,clear sky
23,Hofn,IS,64.2539,-15.2082,41.68,64,25,6.35,scattered clouds
24,Ilhabela,BR,-23.7781,-45.3581,73.31,80,100,6.08,overcast clouds
25,Eirunepe,BR,-6.6603,-69.8736,82.94,76,100,3.58,light rain
26,Elat,IL,29.5581,34.9482,79.84,40,0,8.16,clear sky
27,Bathsheba,BB,13.2167,-59.5167,84.04,71,4,9.69,clear sky
28,Kedrovyy,RU,56.1667,91.8167,43.21,87,100,15.55,light rain
29,Narsaq,GL,60.9167,-46.05,34.02,73,100,5.82,overcast clouds
30,Maragogi,BR,-9.0122,-35.2225,77.31,77,89,10.18,overcast clouds
31,Tamandare,BR,-8.7597,-35.1047,77.81,75,100,10.33,overcast clouds
32,Rio Gallegos,AR,-51.6226,-69.2181,68.05,27,100,10.76,overcast clouds
33,Jos,NG,9.9167,8.9,68.58,49,2,4.07,clear sky
34,Peniche,PT,39.3558,-9.3811,70.09,86,100,10.13,overcast clouds
35,Lagoa,PT,39.05,-27.9833,61.59,61,100,31.76,light rain
36,Sangmelima,CM,2.9333,11.9833,68.61,98,99,1.81,moderate rain
37,Grabovo,RU,53.3875,45.064,46.53,19,100,12.8,overcast clouds
38,Araouane,ML,18.9048,-3.5265,92.61,10,3,8.88,clear sky
39,Jamestown,US,42.097,-79.2353,48.52,44,92,11.99,overcast clouds
40,East London,ZA,-33.0153,27.9116,68.25,89,7,10.56,clear sky
41,Pisco,PE,-13.7,-76.2167,65.01,82,20,11.5,few clouds
42,Nouadhibou,MR,20.931,-17.0347,71.89,80,97,20.67,overcast clouds
43,Punta Arenas,CL,-53.15,-70.9167,59.11,33,100,16.04,overcast clouds
44,Tahoua,NE,14.8888,5.2692,88.25,12,6,9.86,clear sky
45,Lagunas,PE,-5.2269,-75.6753,92.1,44,97,2.51,overcast clouds
46,Kisangani,CD,0.5167,25.2,70.3,87,20,1.39,few clouds
47,Campobasso,IT,41.6333,14.5833,62.42,70,0,2.08,clear sky
48,Conde,BR,-7.2597,-34.9075,78.87,66,100,14.7,overcast clouds
49,Vestmannaeyjar,IS,63.4427,-20.2734,42.17,71,90,3.96,overcast clouds
50,Busselton,AU,-33.65,115.3333,49.39,89,1,5.28,clear sky
51,Samba,IN,32.5667,75.1167,69.1,54,0,4.9,clear sky
52,Lodja,CD,-3.4833,23.4333,71.22,86,18,2.42,few clouds
53,Georgetown,MY,5.4112,100.3354,80.53,79,20,0.0,few clouds
54,Vila Do Maio,CV,15.1333,-23.2167,81.39,79,98,12.82,overcast clouds
55,Hambantota,LK,6.1241,81.1185,77.34,100,97,5.75,overcast clouds
56,Bredasdorp,ZA,-34.5322,20.0403,60.55,95,97,2.1,overcast clouds
57,Goma,CD,-1.6792,29.2228,63.32,93,100,1.97,moderate rain
58,Puksoozero,RU,62.5903,40.6066,44.44,85,85,11.9,overcast clouds
59,Santa Rosa,PH,14.3122,121.1114,81.1,89,67,1.77,broken clouds
60,Novoagansk,RU,61.9449,76.6625,40.21,91,100,0.25,overcast clouds
61,Port Elizabeth,ZA,-33.918,25.5701,66.09,95,9,1.99,clear sky
62,Hithadhoo,MV,-0.6,73.0833,81.41,71,82,6.76,broken clouds
63,Codrington,AU,-38.2667,141.9667,41.72,79,99,7.72,overcast clouds
64,Havre-Saint-Pierre,CA,50.2334,-63.5986,50.36,93,100,6.91,overcast clouds
65,Berlevag,NO,70.8578,29.0864,42.8,81,100,28.77,overcast clouds
66,La Palma,US,33.8464,-118.0467,84.67,64,0,6.91,clear sky
67,Nizhnevartovsk,RU,60.9344,76.5531,39.22,100,100,2.24,fog
68,Abu Dhabi,AE,24.4667,54.3667,84.96,83,98,12.03,overcast clouds
69,Wittenbach,CH,47.4631,9.3776,61.03,88,0,2.3,clear sky
70,Tahta,EG,26.7693,31.5021,77.83,41,0,8.19,clear sky
71,Les Cayes,HT,18.2,-73.75,85.28,63,56,8.68,broken clouds
72,Praia,CV,14.9215,-23.5087,84.74,48,0,18.41,clear sky
73,Qaanaaq,GL,77.484,-69.3632,4.78,81,96,5.06,overcast clouds
74,Fonte Boa,BR,-2.4959,-66.2662,74.12,99,100,1.39,overcast clouds
75,Upata,VE,8.0086,-62.3989,87.19,62,31,3.78,scattered clouds
76,Cidreira,BR,-30.1811,-50.2056,63.88,89,100,15.26,overcast clouds
77,Trincomalee,LK,8.5711,81.2335,79.84,79,100,15.43,overcast clouds
78,Colares,PT,38.7992,-9.4469,70.32,85,20,5.99,few clouds
79,Saldanha,ZA,-33.0117,17.9442,61.61,91,96,11.65,overcast clouds
80,Malindi,KE,-3.2175,40.1191,75.76,89,1,12.41,clear sky
81,Agirish,RU,61.9247,63.0231,38.59,92,93,6.35,overcast clouds
82,Trairi,BR,-3.2778,-39.2689,82.81,64,100,15.39,overcast clouds
83,Hrebinka,UA,50.1171,32.4361,47.17,48,16,7.14,few clouds
84,Iskateley,RU,67.6803,53.1512,43.07,92,100,16.84,overcast clouds
85,Diamantino,BR,-14.4086,-56.4461,96.84,24,98,6.22,overcast clouds
86,Port Alfred,ZA,-33.5906,26.891,63.18,86,45,3.0,scattered clouds
87,Belmonte,BR,-15.8631,-38.8828,78.96,68,9,9.53,clear sky
88,Carutapera,BR,-1.195,-46.02,85.01,62,9,10.29,clear sky
89,Los Llanos De Aridane,ES,28.6585,-17.9182,69.55,92,40,6.91,scattered clouds
90,Matay,EG,28.419,30.7792,75.42,50,0,14.7,clear sky
91,Salalah,OM,17.0151,54.0924,78.89,41,0,4.61,clear sky
92,Serenje,ZM,-13.2325,30.2352,70.75,29,5,6.11,clear sky
93,Port-Gentil,GA,-0.7193,8.7815,80.56,83,75,12.66,broken clouds
94,Karpogory,RU,64.0019,44.4451,44.26,86,49,11.48,light rain
95,Henties Bay,NA,-22.116,14.2845,58.3,91,19,5.23,few clouds
96,Pitman,US,39.7329,-75.1316,69.62,68,75,9.22,broken clouds
97,Ponta Do Sol,PT,32.6667,-17.1,74.03,81,53,9.48,broken clouds
98,Torbay,CA,47.6666,-52.7314,61.29,98,100,16.11,mist
99,Marsaxlokk,MT,35.8419,14.5431,71.08,73,20,3.44,few clouds
100,Mar Del Plata,AR,-38.0023,-57.5575,61.95,75,8,11.99,clear sky
101,Touros,BR,-5.1989,-35.4608,81.41,67,71,17.69,broken clouds
102,Braganca,BR,-1.0536,-46.7656,85.55,60,66,7.58,broken clouds
103,Gamba,GA,-2.65,10.0,78.26,86,100,6.2,overcast clouds
104,Luderitz,NA,-26.6481,15.1594,61.14,79,0,9.35,clear sky
105,Namibe,AO,-15.1961,12.1522,68.09,87,100,11.01,overcast clouds
106,Mwense,ZM,-10.3845,28.698,76.95,45,7,4.76,clear sky
107,Metsavan,AM,41.2016,44.2288,49.08,95,100,2.24,overcast clouds
108,Buraydah,SA,26.326,43.975,81.23,14,0,7.96,clear sky
109,Chuy,UY,-33.6971,-53.4616,62.6,72,26,16.31,scattered clouds
110,Takoradi,GH,4.8845,-1.7554,78.51,82,21,5.99,few clouds
111,Bambous Virieux,MU,-20.3428,57.7575,67.21,72,25,11.05,scattered clouds
112,Mbanza-Ngungu,CD,-5.25,14.8667,77.16,66,98,3.44,overcast clouds
113,Omboue,GA,-1.5746,9.2618,78.22,86,21,7.18,few clouds
114,Longyearbyen,SJ,78.2186,15.6401,22.84,86,40,5.75,scattered clouds
115,Shubarkuduk,KZ,49.1447,56.4872,41.9,61,5,3.69,clear sky
116,Kaduqli,SD,11.0167,29.7167,74.3,79,98,4.09,overcast clouds
117,Onda,ES,39.9667,-0.25,70.9,87,1,2.86,clear sky
118,Zemio,CF,5.0314,25.1361,67.75,93,99,1.41,overcast clouds
119,Banapur,IN,19.7833,85.1833,79.23,79,100,2.75,overcast clouds
120,Ribeira Grande,PT,38.5167,-28.7,63.0,51,40,24.16,scattered clouds
121,Miquelon,PM,47.0975,-56.3814,55.4,94,96,16.62,overcast clouds
122,Victoria,HK,22.2855,114.1577,78.85,65,100,22.55,overcast clouds
123,Vilhena,BR,-12.7406,-60.1458,67.57,95,100,6.58,overcast clouds
124,Chicama,PE,-7.8447,-79.1469,61.34,61,40,11.34,scattered clouds
125,Qaqortoq,GL,60.7167,-46.0333,34.57,70,100,5.08,overcast clouds
126,Pangnirtung,CA,66.1451,-65.7125,33.8,86,100,23.02,light snow
127,Iranshahr,IR,27.2025,60.6848,79.79,9,22,5.64,few clouds
128,Saint George,US,37.1041,-113.5841,78.44,28,0,4.61,clear sky
129,Cabedelo,BR,-6.9811,-34.8339,84.87,70,100,15.43,overcast clouds
130,Mednogorsk,RU,51.4128,57.595,44.33,61,100,4.38,overcast clouds
131,Coroico,BO,-16.1889,-67.7271,67.51,84,79,3.47,broken clouds
132,Sao Joao Da Barra,BR,-21.6403,-41.0511,75.25,79,100,16.22,light rain
133,Barra Patuca,HN,15.8,-84.2833,85.19,66,8,8.52,clear sky
134,Tasiilaq,GL,65.6145,-37.6368,33.96,65,85,3.42,overcast clouds
135,Kattivakkam,IN,13.2167,80.3167,84.29,77,100,3.22,overcast clouds
136,Mahebourg,MU,-20.4081,57.7,67.24,72,24,10.8,few clouds
137,Sibiti,CG,-3.6819,13.3499,71.08,93,100,1.54,light rain
138,Sao Filipe,CV,14.8961,-24.4956,78.85,77,100,1.34,overcast clouds
139,Dikson,RU,73.5069,80.5464,31.77,93,100,20.33,overcast clouds
140,Melbu,NO,68.5044,14.8297,38.98,87,100,12.66,overcast clouds
141,Minab,IR,27.1467,57.0801,83.39,55,58,0.29,broken clouds
142,Abu Kamal,SY,34.4506,40.9171,83.3,15,75,10.31,broken clouds
143,Ilulissat,GL,69.2167,-51.1,46.42,71,100,16.11,light rain
144,Krasnoselkup,RU,65.7,82.4667,34.07,99,100,6.78,overcast clouds
145,Quatre Cocos,MU,-20.2078,57.7625,67.08,72,42,11.65,scattered clouds
146,Eydhafushi,MV,5.1033,73.0708,81.54,76,100,19.17,overcast clouds
147,Sundargarh,IN,22.1167,84.0333,74.21,86,24,2.77,few clouds
148,Punta Cardon,VE,11.6581,-70.215,86.76,66,41,13.11,light rain
149,Haines City,US,28.1142,-81.6179,87.69,62,100,9.42,overcast clouds
150,Comodoro Rivadavia,AR,-45.8667,-67.5,76.86,31,0,14.97,clear sky
151,Iracoubo,GF,5.4802,-53.2011,83.7,71,91,11.27,overcast clouds
152,Aksarka,RU,66.5606,67.7975,33.8,92,52,9.31,broken clouds
153,Cayenne,GF,4.9333,-52.3333,89.64,55,3,11.5,clear sky
154,Karoi,ZW,-16.8099,29.6925,72.32,34,3,7.54,clear sky
155,Canillo,AD,42.5833,1.6667,51.06,85,4,3.89,clear sky
156,Ostrovnoy,RU,68.0531,39.5131,45.43,94,100,20.83,light rain
157,San Cristobal,VE,7.7669,-72.225,78.98,46,100,2.71,overcast clouds
158,Olafsvik,IS,64.8945,-23.7142,42.26,71,100,8.5,overcast clouds
159,Richards Bay,ZA,-28.783,32.0377,73.62,82,100,10.54,overcast clouds
160,Sagua De Tanamo,CU,20.5819,-75.2414,87.17,60,46,6.26,scattered clouds
161,Oranjemund,NA,-28.55,16.4333,60.6,87,3,5.55,clear sky
162,Villa Rica,US,33.7321,-84.9191,75.22,67,100,11.97,overcast clouds
163,General Roca,AR,-39.0333,-67.5833,76.62,25,100,15.17,overcast clouds
164,Roald,NO,62.5833,6.1333,51.75,87,75,13.8,broken clouds
165,Castro,BR,-24.7911,-50.0119,71.64,73,100,1.99,overcast clouds
166,Ust-Ishim,RU,57.6935,71.1665,37.94,96,89,5.53,overcast clouds
167,Kruisfontein,ZA,-34.0033,24.7314,63.88,86,11,3.71,few clouds
168,Klaksvik,FO,62.2266,-6.589,45.52,86,100,29.68,overcast clouds
169,Fort Stewart,US,31.8722,-81.61,81.03,56,75,11.5,broken clouds
170,Agbor,NG,6.2518,6.1934,76.59,86,100,4.03,overcast clouds
171,Bandar-E Lengeh,IR,26.5579,54.8807,86.94,48,9,6.26,clear sky
172,Carballo,ES,43.213,-8.691,65.89,91,1,3.91,clear sky
173,Harstad,NO,68.799,16.5293,40.39,100,100,4.0,light rain
174,Hobyo,SO,5.3505,48.5268,78.35,81,48,15.3,scattered clouds
175,Manono,CD,-7.3,27.4167,71.56,83,48,2.26,light rain
176,Tucuman,AR,-26.8241,-65.2226,62.42,73,100,6.46,overcast clouds
177,Urengoy,RU,65.9667,78.3667,35.91,98,100,2.82,overcast clouds
178,Clyde River,CA,70.4692,-68.5914,24.66,90,100,14.63,light snow
179,Yazman,PK,29.1212,71.7446,80.19,12,0,8.41,clear sky
180,Shetpe,KZ,44.1667,52.1167,55.22,40,100,6.04,overcast clouds
181,Teguldet,RU,57.3064,88.1667,38.66,96,100,7.43,light rain
182,Rawson,AR,-43.3002,-65.1023,69.58,39,1,18.59,clear sky
183,Asfi,MA,32.2994,-9.2372,71.44,68,99,3.51,overcast clouds
184,Ramhormoz,IR,31.28,49.6035,84.6,21,18,3.33,few clouds
185,Muli,MV,2.9167,73.5667,80.92,73,100,10.71,overcast clouds
186,Monrovia,LR,6.3005,-10.7969,80.37,82,100,5.08,overcast clouds
187,Gryazovets,RU,58.88,40.2525,46.71,85,100,15.1,light rain
188,Norrtalje,SE,59.758,18.705,51.03,85,100,5.84,light rain
189,Waddan,LY,29.1614,16.139,72.01,47,0,11.9,clear sky
190,Koslan,RU,63.4564,48.8989,43.25,93,100,9.06,overcast clouds
191,Meulaboh,ID,4.1363,96.1285,75.79,89,97,4.99,overcast clouds
192,Parrita,CR,9.5201,-84.3225,80.01,83,99,5.3,overcast clouds
193,Sinnamary,GF,5.3833,-52.95,84.52,69,32,11.83,scattered clouds
194,Sept-Iles,CA,50.2001,-66.3821,50.05,92,100,4.0,overcast clouds
195,Mecca,SA,21.4267,39.8261,83.7,54,1,4.54,clear sky
196,Mitu,CO,1.1983,-70.1733,90.18,47,100,2.48,moderate rain
197,Kamwenge,UG,0.1866,30.4539,62.13,97,100,1.32,overcast clouds
198,Kudymkar,RU,59.0173,54.656,41.13,79,100,11.65,overcast clouds
199,Muisne,EC,0.6,-80.0333,76.8,73,93,10.36,overcast clouds
200,Tala,EG,30.6803,30.9429,69.01,69,0,6.8,clear sky
201,Saint-Francois,FR,46.4154,3.9054,67.44,64,0,4.61,clear sky
202,Garissa,KE,-0.4536,39.6401,79.77,65,65,19.69,broken clouds
203,Sisimiut,GL,66.9395,-53.6735,40.3,86,100,22.06,light rain
204,Teruel,ES,40.6667,-0.6667,59.05,65,10,8.81,clear sky
205,Foumban,CM,5.7291,10.9001,63.88,92,76,2.26,light rain
206,Tefe,BR,-3.3542,-64.7114,91.51,62,20,6.91,few clouds
207,Ancud,CL,-41.8697,-73.8203,77.23,61,4,3.56,clear sky
208,Aras,ES,42.5617,-2.356,64.83,82,0,2.3,clear sky
209,Key West,US,24.5557,-81.7826,89.6,75,20,9.22,few clouds
210,Camacupa,AO,-12.0167,17.4833,63.55,87,100,3.62,moderate rain
211,Staryy Nadym,RU,65.6118,72.6842,37.38,89,100,7.56,overcast clouds
212,Plettenberg Bay,ZA,-34.0527,23.3716,62.96,86,100,6.67,overcast clouds
213,Mangrol,IN,21.1167,70.1167,81.19,57,3,5.64,clear sky
214,Bonthe,SL,7.5264,-12.505,78.51,81,97,4.5,overcast clouds
215,Geraldton,AU,-28.7667,114.6,50.41,87,0,5.75,clear sky
216,Tortoli,IT,39.9256,9.6572,67.33,78,66,2.24,broken clouds
217,Tatawin,TN,32.9297,10.4518,70.09,66,0,10.96,clear sky
218,Itarema,BR,-2.9248,-39.9167,82.58,68,100,19.6,overcast clouds
219,Chambishi,ZM,-12.6325,28.0537,73.33,26,11,4.27,few clouds
220,Kazerun,IR,29.6195,51.6541,73.94,39,0,2.82,clear sky
221,Coquimbo,CL,-29.9533,-71.3436,58.73,77,75,9.22,broken clouds
222,Doha,QA,25.2867,51.5333,85.98,70,0,10.36,clear sky
223,Falmouth,GB,50.1544,-5.0711,57.78,88,20,6.91,few clouds
224,Biscarrosse,FR,44.3945,-1.1672,69.75,83,0,0.0,clear sky
225,Sur,OM,22.5667,59.5289,79.77,42,100,8.28,overcast clouds
226,Khalilabad,IN,26.775,83.0736,72.48,74,0,5.23,clear sky
227,Hornepayne,CA,49.2138,-84.7705,30.54,93,100,17.25,snow
228,Natal,BR,-5.795,-35.2094,83.05,69,20,17.27,few clouds
229,Pauini,BR,-7.7136,-66.9764,82.58,65,100,4.09,overcast clouds
230,Nanortalik,GL,60.1432,-45.2371,36.7,72,93,9.08,overcast clouds
231,Havelock,US,34.8791,-76.9013,82.36,71,40,16.11,scattered clouds
232,Zambezi,ZM,-13.5432,23.1047,72.12,43,29,5.5,scattered clouds
233,Korla,CN,41.7597,86.1469,54.03,24,72,0.85,broken clouds
234,Roros,NO,62.5747,11.3842,33.64,86,100,2.3,overcast clouds
235,Saint-Georges,GD,12.0564,-61.7485,87.48,70,40,12.66,scattered clouds
236,Lethem,GY,3.3803,-59.7968,91.49,46,75,4.21,moderate rain
237,Kutum,SD,14.2,24.6667,78.75,22,4,11.56,clear sky
238,Riberalta,BO,-10.9833,-66.1,94.03,41,26,0.36,scattered clouds
239,Thinadhoo,MV,0.5333,72.9333,81.63,70,100,6.58,overcast clouds
240,Adrar,MR,20.5022,-10.0711,92.52,9,5,10.22,clear sky
241,Haradok,BY,55.4624,29.9816,45.39,79,34,7.0,scattered clouds
242,Abu Samrah,SY,35.3029,37.1841,72.41,58,64,8.46,broken clouds
243,Muros,ES,42.7762,-9.0603,64.83,91,0,7.92,clear sky
244,Montijo,PT,38.7067,-8.9739,70.57,76,0,5.75,clear sky
245,Pipri,IN,19.8,75.5333,74.08,88,100,5.46,overcast clouds
246,Ibitinga,BR,-21.7578,-48.8289,92.89,24,100,0.78,overcast clouds
247,Brigantine,US,39.4101,-74.3646,68.2,80,75,11.5,broken clouds
248,Bengkulu,ID,-3.8004,102.2655,75.06,90,99,4.7,light rain
249,Inirida,CO,3.8653,-67.9239,83.97,72,100,2.39,overcast clouds
250,Cap Malheureux,MU,-19.9842,57.6142,67.46,76,44,1.99,scattered clouds
251,Can,TR,40.0333,27.0524,59.56,81,100,15.82,overcast clouds
252,Havoysund,NO,70.9963,24.6622,41.23,67,100,28.05,overcast clouds
253,Pastavy,BY,55.1168,26.8326,49.69,90,77,6.69,broken clouds
254,Sarkand,KZ,45.41,79.9186,51.78,85,100,0.56,moderate rain
255,Sambava,MG,-14.2667,50.1667,71.19,80,11,10.27,few clouds
256,Barinas,VE,8.6226,-70.2075,87.84,56,100,4.38,heavy intensity rain
257,Coihaique,CL,-45.5752,-72.0662,75.81,31,0,3.44,clear sky
258,Parkersburg,US,39.2667,-81.5615,55.53,47,70,10.0,broken clouds
259,Kidal,ML,18.4411,1.4078,87.96,15,6,11.72,clear sky
260,Bannu,PK,32.9854,70.6027,76.69,20,0,3.76,clear sky
261,Mehamn,NO,71.0357,27.8492,42.75,75,75,18.41,broken clouds
262,Oistins,BB,13.0667,-59.5333,87.89,70,20,12.66,few clouds
263,Podyuga,RU,61.095,40.8647,45.9,90,100,11.23,light rain
264,Rokupr,SL,8.6717,-12.395,75.02,94,100,3.62,light rain
265,Kaliua,TZ,-5.0606,31.7936,74.41,61,60,8.93,broken clouds
266,Markala,ML,13.7021,-6.0659,90.82,33,95,6.02,overcast clouds
267,Neuquen,AR,-38.9516,-68.0591,70.7,25,100,13.06,overcast clouds
268,Chiredzi,ZW,-21.05,31.6667,76.87,45,90,5.26,overcast clouds
269,Snasa,NO,64.2457,12.3778,35.01,94,100,3.06,overcast clouds
270,Karasjok,NO,69.4719,25.5112,35.85,89,97,11.59,overcast clouds
271,Leh,IN,34.1667,77.5833,41.07,37,100,1.74,overcast clouds
272,Vargashi,RU,55.3556,65.8467,40.51,88,99,8.28,overcast clouds
273,Niquelandia,BR,-14.4739,-48.4597,98.62,13,8,6.31,clear sky
274,Thompson,CA,55.7435,-97.8558,28.92,64,79,4.7,broken clouds
275,Vardo,NO,70.3705,31.1107,44.58,81,75,17.27,broken clouds
276,Pimentel,PE,-6.8367,-79.9342,68.29,64,20,17.27,few clouds
277,Kavaratti,IN,10.5669,72.642,80.82,80,97,16.75,overcast clouds
278,Coleraine,GB,55.1333,-6.6667,53.51,84,100,14.58,overcast clouds
279,Angoche,MZ,-16.2325,39.9086,76.28,84,0,5.48,clear sky
280,Vestmanna,FO,62.1564,-7.1664,43.72,81,75,13.8,broken clouds
281,Dingle,PH,10.9995,122.6711,75.52,92,100,5.77,overcast clouds
282,Taoudenni,ML,22.6783,-3.9836,93.54,11,2,12.12,clear sky
283,Kholmogory,RU,64.2229,41.656,45.36,86,100,9.73,overcast clouds
284,Forest,US,37.3638,-79.2897,69.98,58,40,4.61,scattered clouds
285,Tabas,IR,33.5959,56.9244,76.5,14,9,4.27,clear sky
286,Monte Santo De Minas,BR,-21.1897,-46.9803,84.47,33,100,3.36,overcast clouds
287,Darnah,LY,32.767,22.6367,68.79,70,30,26.19,scattered clouds
288,Arlit,NE,18.7369,7.3853,89.28,17,0,18.61,clear sky
289,Shache,CN,38.4167,77.2406,56.95,17,41,5.08,scattered clouds
290,Lifford,IE,54.8319,-7.4836,53.51,87,99,7.29,overcast clouds
291,Nuzvid,IN,16.7833,80.85,75.02,92,99,1.77,overcast clouds
292,Cravo Norte,CO,6.3017,-70.2041,84.9,69,97,5.28,overcast clouds
293,Kotido,UG,2.9806,34.1331,75.54,57,98,6.15,light rain
294,Tazmalt,DZ,36.3868,4.3989,80.24,41,7,3.27,clear sky
295,Hansot,IN,21.5833,72.8,78.37,51,19,9.44,few clouds
296,Pao De Acucar,BR,-9.7483,-37.4367,89.85,32,97,19.64,overcast clouds
297,Vallenar,CL,-28.5708,-70.7581,81.32,18,0,9.98,clear sky
298,Alta Floresta,BR,-9.8756,-56.0861,80.67,66,77,3.36,broken clouds
299,Soyo,AO,-6.1349,12.3689,77.77,85,5,10.98,clear sky
300,Morant Bay,JM,17.8815,-76.4093,83.57,73,14,7.14,few clouds
301,Kasongo-Lunda,CD,-6.4667,16.8167,72.39,94,100,1.5,light rain
302,Altay,CN,47.8667,88.1167,49.39,65,100,4.85,overcast clouds
303,Verkhniy Avzyan,RU,53.5289,57.5372,38.28,91,96,3.89,overcast clouds
304,Harrisburg,US,40.2737,-76.8844,64.74,58,75,16.11,broken clouds
305,Cassia,BR,-20.5831,-46.9219,85.95,33,100,6.08,overcast clouds
306,Bage,BR,-31.3314,-54.1069,64.18,82,75,20.71,broken clouds
307,Beira,MZ,-19.8436,34.8389,77.09,83,20,8.05,few clouds
308,Baherden,TM,38.4362,57.4316,64.53,51,8,3.06,clear sky
309,Aswan,EG,24.0934,32.907,83.5,27,0,16.53,clear sky
310,Dzerzhinsk,RU,56.2389,43.4631,44.42,93,100,11.18,overcast clouds
311,Panaba,MX,21.2833,-88.2667,93.87,44,61,5.86,broken clouds
312,Nikel,RU,69.4128,30.222,41.18,91,100,24.25,overcast clouds
313,Dakar,SN,14.6937,-17.4441,86.88,72,41,8.41,scattered clouds
314,Goderich,CA,43.7501,-81.7165,47.91,81,100,21.43,overcast clouds
315,Mayumba,GA,-3.432,10.6554,78.08,88,88,6.33,overcast clouds
316,Kamenka,RU,51.3223,42.7678,40.68,69,45,8.39,scattered clouds
317,Matagami,CA,49.7502,-77.6328,42.87,92,100,8.03,overcast clouds
318,Bobo Dioulasso,BF,11.1771,-4.2979,80.98,50,31,5.06,scattered clouds
319,Bana,CM,5.1481,10.2762,60.76,93,28,3.78,light rain
320,Husavik,IS,66.0449,-17.3389,34.12,83,100,8.01,overcast clouds
321,Valdivia,CL,-39.8142,-73.2459,80.69,36,100,5.66,overcast clouds
322,Salinopolis,BR,-0.6136,-47.3561,83.62,72,52,12.39,broken clouds
323,Bubaque,GW,11.2833,-15.8333,80.92,77,99,10.6,overcast clouds
324,Mabaruma,GY,8.2,-59.7833,83.79,69,80,6.24,broken clouds
325,Nagapattinam,IN,10.7667,79.8333,78.12,89,100,6.82,overcast clouds
326,Rovereto,IT,45.8896,11.0387,62.85,83,7,1.07,clear sky
327,Mahibadhoo,MV,3.7833,72.9667,81.34,73,100,15.93,overcast clouds
328,Lebu,CL,-37.6167,-73.65,56.17,90,61,6.08,broken clouds
329,Sorland,NO,67.667,12.6934,44.2,58,99,14.45,overcast clouds
330,Lisburn,GB,54.5234,-6.0353,53.04,78,75,17.27,broken clouds
331,Prado,BR,-17.3411,-39.2208,78.53,70,19,11.79,few clouds
332,Kanniyakumari,IN,8.0833,77.5667,78.15,86,100,16.82,overcast clouds
333,Ortakoy,TR,38.7373,34.0387,55.65,81,100,11.97,overcast clouds
334,Shahreza,IR,32.0339,51.8794,63.61,18,100,3.8,overcast clouds
335,Fasa,IR,28.9383,53.6482,69.44,17,2,1.01,clear sky
336,Paita,PE,-5.0892,-81.1144,69.53,69,33,18.01,scattered clouds
337,Saint-Pierre,RE,-21.3393,55.4781,71.28,68,40,14.97,scattered clouds
338,Pinheiro Machado,BR,-31.5783,-53.3811,60.49,84,71,15.14,broken clouds
339,Usak,TR,38.5,29.4167,53.83,78,14,12.8,few clouds
340,Palaikastron,GR,35.2,26.25,67.35,75,0,31.76,clear sky
341,Daura,NG,11.5538,11.4085,84.11,25,0,6.67,clear sky
342,Edd,ER,13.9297,41.6925,88.43,58,0,16.96,clear sky
343,Vila Velha,BR,-20.3297,-40.2925,80.55,78,20,16.11,few clouds
344,Samur,RU,41.8253,48.486,59.49,82,100,5.73,light rain
345,Faya,SA,18.3851,42.4509,64.92,45,100,6.96,overcast clouds
346,San Andres,CO,12.5847,-81.7006,87.82,70,40,6.91,scattered clouds
347,Gambo,CF,4.6482,22.2633,70.45,97,100,1.19,overcast clouds
348,Podor,MR,16.6527,-14.9587,98.8,29,50,5.28,scattered clouds
349,Kortkeros,RU,61.8106,51.5806,42.8,92,100,10.33,light rain
350,Malanje,AO,-9.5402,16.341,67.53,86,99,3.47,light rain
351,Masunga,BW,-20.6246,27.4488,75.33,35,80,14.34,broken clouds
352,Zaysan,KZ,47.4667,84.8667,49.8,79,100,2.84,overcast clouds
353,Cockburn Town,TC,21.4612,-71.1419,81.55,72,4,5.84,clear sky
354,Caala,AO,-12.8525,15.5606,63.03,82,100,2.95,light rain
355,Albany,US,42.6001,-73.9662,56.43,93,100,3.0,overcast clouds
356,Lyantonde,UG,-0.4031,31.1572,65.37,82,98,3.47,overcast clouds
357,Santa Cruz Cabralia,BR,-16.2781,-39.0247,77.23,83,40,13.8,scattered clouds
358,San Benedetto Del Tronto,IT,42.9456,13.8816,66.06,73,0,4.09,clear sky
359,Viedma,AR,-40.8135,-62.9967,77.18,22,60,10.6,broken clouds
360,Gebze,TR,40.8028,29.4307,62.06,88,75,12.66,broken clouds
361,Aktash,RU,50.3,87.7333,29.39,92,100,2.86,light snow
362,Seminole,US,28.7086,-81.2081,88.07,62,0,8.05,clear sky
363,Madimba,TZ,-10.4,40.3333,72.88,83,0,8.43,clear sky
364,Oktyabrskoye,RU,43.0645,44.7417,48.34,93,100,6.71,light rain
365,Catamarca,AR,-28.4696,-65.7852,73.06,54,11,11.99,few clouds
366,Svetlyy,RU,54.675,20.1347,59.05,82,100,12.66,overcast clouds
367,Ibipeba,BR,-11.6408,-42.0111,89.71,18,2,8.59,clear sky
368,Marystown,CA,47.1666,-55.1483,58.26,93,97,13.4,overcast clouds
369,Sussex,US,41.1834,-74.6663,65.07,79,75,0.0,broken clouds
370,Boyuibe,BO,-20.4167,-63.2833,69.85,73,100,4.05,overcast clouds
371,Yeovil,GB,50.9416,-2.6321,57.34,88,20,4.0,few clouds
372,Hualmay,PE,-11.0964,-77.6139,66.43,72,33,8.95,scattered clouds
373,San Ramon,US,37.7799,-121.978,70.61,65,0,6.91,clear sky
374,Vila Franca Do Campo,PT,37.7167,-25.4333,61.21,85,95,29.66,moderate rain
375,Shu,KZ,43.5983,73.7614,54.99,81,100,4.72,overcast clouds
376,Banda Aceh,ID,5.5577,95.3222,79.12,77,100,13.06,light rain
377,Den Helder,NL,52.9599,4.7593,60.78,95,100,11.99,overcast clouds
378,Atar,MR,20.5169,-13.0499,96.87,14,20,8.39,few clouds
379,Cuenca,EC,-2.8833,-78.9833,65.48,64,96,6.44,light rain
380,Santiago Del Estero,AR,-27.7951,-64.2615,59.49,81,100,7.43,overcast clouds
381,Jalu,LY,29.0331,21.5482,71.85,41,18,10.31,few clouds
382,Xai-Xai,MZ,-25.0519,33.6442,73.24,81,89,11.25,overcast clouds
383,Sultanpur,IN,26.2667,82.0667,72.48,65,0,4.65,clear sky
384,Hamina,FI,60.5697,27.1979,45.68,84,100,16.02,overcast clouds
385,Cobija,BO,-11.0267,-68.7692,88.29,49,97,5.21,overcast clouds
386,Yar-Sale,RU,66.8333,70.8333,36.79,84,90,10.09,overcast clouds
387,Barra Do Garcas,BR,-15.89,-52.2567,102.22,15,22,6.4,few clouds
388,Chapayevka,UA,47.4711,36.3451,48.06,51,0,5.03,clear sky
389,Moose Factory,CA,51.2585,-80.6094,41.02,94,100,14.2,overcast clouds
390,Kamina,CD,-8.7386,24.9906,69.87,71,77,5.21,broken clouds
391,Senno,RU,59.5336,33.9167,46.26,85,88,11.5,overcast clouds
392,Siyabuswa,ZA,-25.1132,29.0445,74.19,44,100,13.24,overcast clouds
393,Marawi,PH,7.9986,124.2928,69.82,95,100,2.42,light rain
394,Usinsk,RU,65.9939,57.5281,41.95,91,100,19.66,overcast clouds
395,Centenario Do Sul,BR,-22.8211,-51.5953,85.5,45,100,5.06,overcast clouds
396,Karatau,KZ,43.1667,70.4667,54.07,71,100,5.28,light rain
397,Zhanakorgan,KZ,43.9098,67.2495,52.88,48,100,10.96,overcast clouds
398,La Paz,BO,-16.5,-68.15,58.98,47,75,12.66,broken clouds
399,Hohoe,GH,7.1518,0.4736,75.54,87,58,3.42,light rain
400,Sillod,IN,20.3,75.65,72.21,90,97,3.2,overcast clouds
401,Maceio,BR,-9.6658,-35.7353,81.84,69,75,16.11,broken clouds
402,Praia Da Vitoria,PT,38.7333,-27.0667,55.76,88,20,31.34,light intensity shower rain
403,Alibag,IN,18.6411,72.8792,82.47,85,91,6.73,overcast clouds
404,Paragominas,BR,-2.9667,-47.4833,93.31,37,75,4.52,broken clouds
405,Mongo,TD,12.1844,18.693,88.21,33,90,4.43,overcast clouds
406,Zhurivka,UA,50.5028,31.7849,48.13,47,78,7.25,broken clouds
407,Manzil Salim,TN,35.8567,8.4765,74.98,42,0,6.24,clear sky
408,Kalemie,CD,-5.9475,29.1947,75.58,60,18,4.27,few clouds
409,Palpa,PE,-14.5336,-75.1856,84.79,33,5,12.91,clear sky
410,Lugovoy,KZ,42.9472,72.7644,53.49,82,100,1.48,overcast clouds
411,Bonavista,CA,48.6499,-53.1147,54.27,97,100,27.98,light rain
412,Constitucion,CL,-35.3333,-72.4167,58.37,69,44,7.2,scattered clouds
413,Pala,TD,9.3642,14.9046,78.73,60,15,3.67,few clouds
414,La Tuque,CA,47.4334,-72.7824,57.33,52,96,10.25,overcast clouds
415,Blyznyuky,UA,48.8578,36.5551,46.33,57,0,2.95,clear sky
416,Stanghelle,NO,60.5528,5.7357,51.98,95,100,5.21,overcast clouds
417,Ambilobe,MG,-13.2,49.05,69.91,76,6,5.19,clear sky
418,Bosaso,SO,11.2842,49.1816,80.24,66,1,3.13,clear sky
419,Kekri,IN,25.9667,75.15,72.7,51,0,7.31,clear sky
420,Gao,ML,16.6362,1.637,89.56,11,0,11.95,clear sky
421,Ribas Do Rio Pardo,BR,-20.4431,-53.7592,96.28,25,98,4.99,overcast clouds
422,Mandiana,GN,10.6333,-8.6833,80.6,66,100,2.08,overcast clouds
423,Middle Island,US,40.8843,-72.9373,66.16,80,75,13.8,broken clouds
424,Sint-Laureins,BE,51.242,3.5244,61.66,87,100,6.78,overcast clouds
425,Esil,KZ,51.9556,66.4042,43.21,69,100,6.35,overcast clouds
426,Llangefni,GB,53.2556,-4.3106,57.72,76,0,24.16,clear sky
427,Margate,GB,51.3813,1.3862,59.31,81,100,1.01,overcast clouds
428,Redcar,GB,54.6166,-1.06,56.53,61,3,13.0,clear sky
429,Kaniama,CD,-7.5667,24.1833,69.49,84,99,2.1,overcast clouds
430,Mali Zvornik,RS,44.3734,19.1065,52.38,59,1,2.71,clear sky
431,Ewo,CG,-0.8725,14.8206,76.93,79,54,3.71,broken clouds
432,Grindavik,IS,63.8424,-22.4338,37.87,87,0,1.14,clear sky
433,Westport,US,41.1415,-73.3579,66.88,71,75,13.8,broken clouds
434,Nicoya,CR,10.1483,-85.452,80.62,84,100,4.79,overcast clouds
435,Wukari,NG,7.85,9.7833,80.2,67,50,1.74,scattered clouds
436,Tsaratanana,MG,-16.7833,47.65,71.98,61,0,1.97,clear sky
437,Elmadag,TR,39.9208,33.2308,55.26,84,87,9.51,overcast clouds
438,Maniitsoq,GL,65.4167,-52.9,36.46,93,100,21.0,light rain
439,Camopi,GF,3.1655,-52.3158,91.87,43,31,4.38,scattered clouds
440,Presidencia Roque Saenz Pena,AR,-26.7852,-60.4388,62.83,94,100,6.6,light rain
441,Saint-Ambroise,CA,48.5501,-71.3324,57.58,51,100,8.28,overcast clouds
442,Hagerstown,US,39.6418,-77.72,63.12,53,0,13.8,clear sky
443,Gemena,CD,3.25,19.7667,70.61,98,100,1.54,overcast clouds
444,Kayes,ML,14.0,-11.0,84.43,53,6,1.39,clear sky
445,Le Port,RE,-20.9373,55.2919,71.6,72,99,3.22,light rain
446,Pachino,IT,36.7186,15.0907,68.76,69,0,7.29,clear sky
447,Caceres,ES,39.522,-6.3748,71.78,41,9,5.32,clear sky
448,Moncao,PT,42.0789,-8.4808,68.76,92,10,3.76,clear sky
449,Forssa,FI,60.8146,23.6215,45.68,92,100,4.97,overcast clouds
450,Sitio Novo Do Tocantins,BR,-5.5183,-47.4611,99.48,21,95,4.72,overcast clouds
451,Bay Roberts,CA,47.5999,-53.2648,62.06,96,100,5.99,overcast clouds
452,La Asuncion,VE,11.0333,-63.8628,78.53,65,75,8.05,moderate rain
453,Filadelfia,US,39.9523,-75.1638,70.05,64,75,10.36,broken clouds
454,Caravelas,BR,-17.7125,-39.2481,79.2,68,25,10.85,scattered clouds
455,Akdagmadeni,TR,39.6603,35.8836,51.67,88,88,6.44,overcast clouds
456,Antofagasta,CL,-23.65,-70.4,60.08,64,6,9.31,clear sky
457,Traverse City,US,44.7631,-85.6206,48.27,78,75,18.41,broken clouds
458,Partenit,UA,44.578,34.3446,57.63,75,1,12.5,clear sky
459,Korem,ET,12.5058,39.5228,58.05,63,36,5.44,scattered clouds
460,Sao Jose Da Coroa Grande,BR,-8.8978,-35.1478,77.72,75,95,10.78,overcast clouds
461,Gagra,GE,43.3283,40.2239,59.92,84,66,3.18,broken clouds
462,Izhmorskiy,RU,56.194,86.6414,36.93,96,100,13.24,overcast clouds
463,Bolotnoye,RU,55.6717,84.3981,42.13,89,100,13.15,light rain
464,La Rioja,ES,42.25,-2.5,56.98,70,0,6.55,clear sky
465,Road Town,VG,18.4167,-64.6167,86.04,70,40,6.91,scattered clouds
466,Severnyy,RU,50.677,36.5532,48.24,61,0,8.95,clear sky
467,Maarianhamina,AX,60.0973,19.9348,51.66,76,0,8.05,moderate rain
468,Goundam,ML,16.4145,-3.6708,96.21,18,100,6.96,overcast clouds
469,Miraflores,MX,19.2167,-98.8083,76.03,60,97,1.16,light rain
470,Sistranda,NO,63.7256,8.834,44.56,78,100,9.57,overcast clouds
471,Saint-Paul,RE,-21.0096,55.2707,71.71,82,97,2.39,light rain
472,Malakal,SS,9.5334,31.6605,73.11,92,73,3.69,broken clouds
473,Waynesville,US,35.4887,-82.9887,71.91,57,12,3.0,few clouds
474,Sarh,TD,9.1429,18.3923,76.14,79,96,2.57,overcast clouds
475,Bandarbeyla,SO,9.4942,50.8122,77.95,81,5,5.1,clear sky
476,Gazanjyk,TM,39.2446,55.5154,66.24,46,10,7.54,clear sky
477,Bolshoye Selo,RU,57.7177,38.9334,47.95,76,82,12.01,broken clouds
478,Antalaha,MG,-14.9003,50.2788,67.08,81,0,7.27,clear sky
479,Tete,MZ,-16.1564,33.5867,91.49,29,0,13.8,clear sky
480,Isiro,CD,2.7739,27.616,66.81,98,81,1.61,broken clouds
481,Umtata,ZA,-31.5889,28.7844,63.16,94,2,2.3,light rain
482,Sayan,PE,-11.1361,-77.1933,77.61,45,16,10.49,few clouds
483,Waynesboro,US,38.0685,-78.8895,66.09,52,100,14.88,overcast clouds
484,Sembe,CG,1.6481,14.5806,71.71,95,91,1.95,light rain
485,Krasnaya Gora,RU,52.9995,31.6023,47.62,92,46,8.05,scattered clouds
486,Tessalit,ML,20.1986,1.0114,87.78,15,1,9.78,clear sky
487,Iralaya,HN,15.0,-83.2333,84.11,73,23,8.05,light rain
488,Kulhudhuffushi,MV,6.6221,73.07,77.52,92,100,20.87,overcast clouds
489,Murdochville,CA,48.9583,-65.5006,40.08,56,81,2.46,broken clouds
490,Marsh Harbour,BS,26.5412,-77.0636,80.76,61,9,6.49,clear sky
491,Igrim,RU,63.1906,64.4162,41.04,85,99,7.38,overcast clouds
492,Sovata,RO,46.5833,25.0667,51.82,78,8,3.4,clear sky
493,Sokoto,NG,13.0609,5.239,86.13,18,6,6.67,clear sky
494,Bereda,ES,43.2686,-7.5406,60.15,100,0,1.74,clear sky
495,Beloha,MG,-25.1667,45.05,69.71,81,1,18.01,clear sky
496,Irbit,RU,57.6705,63.071,43.12,83,98,6.96,overcast clouds
497,Costinesti,RO,43.95,28.6333,57.43,67,0,5.01,clear sky
498,Ustye,RU,59.6304,39.736,47.89,81,100,15.21,overcast clouds
499,Riachao Do Jacuipe,BR,-11.8069,-39.3856,89.91,32,18,13.11,few clouds
500,Plouzane,FR,48.3833,-4.6167,61.12,94,100,4.61,overcast clouds
501,Tabou,CI,4.423,-7.3528,77.38,85,100,5.37,overcast clouds
502,Diu,IN,20.7141,70.9822,78.62,47,19,5.57,few clouds
503,Honningsvag,NO,70.9821,25.9704,40.75,75,100,19.57,overcast clouds
504,Padang,ID,-0.9492,100.3543,77.47,81,100,2.68,overcast clouds
505,Chateau-Gontier,FR,47.8333,-0.7,63.32,94,100,5.66,overcast clouds
506,Bud,US,39.447,-86.1758,46.85,45,8,17.81,clear sky
507,Yambio,SS,4.5721,28.3955,69.24,94,100,2.77,overcast clouds
508,Sorkjosen,NO,69.8,20.9333,41.0,60,40,13.8,light rain
509,Odweyne,SO,9.4092,45.064,75.36,44,51,11.03,broken clouds
510,Linguere,SN,15.3953,-15.1193,94.1,36,71,6.35,broken clouds
511,Tazovskiy,RU,67.4667,78.7,34.47,98,100,9.84,overcast clouds
512,Soloneshnoye,RU,51.6544,84.3197,39.96,83,45,3.8,scattered clouds
513,Toguchin,RU,55.2353,84.3858,43.81,83,100,14.38,overcast clouds
514,Carlibaba,RO,47.5833,25.1333,45.64,88,12,1.25,few clouds
515,Liverpool,GB,53.4106,-2.9779,55.81,73,0,13.8,clear sky
516,Bhuban,IN,20.8833,85.8333,75.76,81,38,0.63,scattered clouds
517,Harper,LR,4.375,-7.7169,77.43,85,100,5.64,light rain
518,Tacuarembo,UY,-31.7333,-55.9833,66.51,73,100,17.65,overcast clouds
519,Pailon,BO,-17.65,-62.75,92.88,38,100,5.21,overcast clouds
520,The Valley,AI,18.217,-63.0578,87.66,65,20,8.05,few clouds
521,Santa Isabel Do Rio Negro,BR,-0.4139,-65.0192,88.12,56,56,3.33,broken clouds
522,Ludwigsfelde,DE,52.3,13.2667,70.0,84,0,3.44,clear sky
523,Nokha,IN,27.6,73.4167,77.77,24,0,9.64,clear sky
524,Barra Do Bugres,BR,-15.0725,-57.1811,99.5,23,80,5.21,broken clouds
525,Raga,SS,8.4596,25.678,73.15,84,85,2.1,overcast clouds
526,Eseka,CM,3.65,10.7667,73.89,97,99,1.5,light rain
527,Benicarlo,ES,40.4165,0.4271,72.55,87,18,1.68,few clouds
528,Rabo De Peixe,PT,37.8,-25.5833,60.31,95,75,23.02,broken clouds
529,Sao Felix Do Xingu,BR,-6.6447,-51.995,90.68,45,52,4.65,broken clouds
530,Puerto Quijarro,BO,-17.7833,-57.7667,100.76,23,96,4.07,overcast clouds
531,Mount Pleasant,US,32.7941,-79.8626,83.08,70,0,9.22,clear sky
532,Sao Paulo De Olivenca,BR,-3.3783,-68.8725,80.47,91,100,2.06,overcast clouds
533,Mattawa,US,46.7379,-119.9028,72.01,26,0,3.22,clear sky
534,Joao Pessoa,BR,-7.115,-34.8631,82.63,65,40,19.57,scattered clouds
535,Jijiga,ET,9.35,42.8,67.39,54,70,7.05,broken clouds
536,Viterbo,IT,42.4167,12.0833,67.77,85,3,1.19,clear sky
537,Terre-De-Bas,GP,15.8501,-61.6442,83.71,74,17,9.1,few clouds
538,Fecamp,FR,49.7579,0.3746,60.51,93,100,5.21,overcast clouds
539,Lucea,JM,18.451,-78.1736,86.86,72,9,2.01,clear sky
540,Kautokeino,NO,69.0125,23.0412,34.12,74,96,11.61,overcast clouds
541,Axim,GH,4.8699,-2.2405,78.24,83,52,5.95,broken clouds
542,Porto Walter,BR,-8.2686,-72.7439,88.57,53,100,2.3,overcast clouds
543,Farmington,US,36.7281,-108.2187,62.2,58,100,4.61,overcast clouds
544,Camabatela,AO,-8.1881,15.375,66.4,85,67,1.12,light rain
545,Cordoba,AR,-31.4135,-64.1811,68.76,46,75,6.91,broken clouds
546,Bilma,NE,18.6853,12.9164,85.08,20,0,8.3,clear sky
547,Sachin,IN,21.0833,72.8833,78.51,65,29,8.01,scattered clouds
548,Voi,KE,-3.3945,38.563,70.75,84,25,8.55,scattered clouds
549,Krutinka,RU,56.0055,71.5113,39.92,87,100,12.21,overcast clouds
550,Portoferraio,IT,42.8115,10.3146,72.57,76,13,5.95,few clouds
551,Diffa,NE,13.3154,12.6113,86.99,19,0,5.01,clear sky
552,Jaciara,BR,-15.9653,-54.9683,103.87,13,23,4.68,moderate rain
553,Santa Fe,AR,-31.6333,-60.7,73.0,49,98,4.0,overcast clouds
554,New Albany,US,38.2856,-85.8241,55.11,38,75,17.27,broken clouds
555,Marquette,US,46.5333,-87.6335,34.77,90,100,19.42,snow
556,San Ignacio,BZ,17.1561,-89.0714,89.74,66,75,4.61,light rain
557,Oxford,GB,51.7522,-1.256,56.48,83,0,4.61,clear sky
558,Sunyani,GH,7.3399,-2.3268,76.44,77,18,4.05,few clouds
559,Saint-Augustin,CA,51.226,-58.6502,48.92,90,100,8.52,overcast clouds
560,Chabahar,IR,25.2919,60.643,80.51,72,17,8.57,few clouds
561,Bojnurd,IR,37.4747,57.329,62.55,63,0,4.61,clear sky
562,Gossas,SN,14.4912,-16.0642,86.45,60,12,8.68,few clouds
563,Kralendijk,BQ,12.15,-68.2667,87.78,62,0,10.36,clear sky
564,Ballina,AU,-28.8667,153.5667,62.02,99,80,3.13,light rain
565,Gonaives,HT,19.45,-72.6833,88.81,54,13,8.7,few clouds
566,Zhezkazgan,KZ,47.8043,67.7144,41.85,53,6,6.87,clear sky
567,Nioki,CD,-2.7167,17.6833,79.38,68,100,1.88,overcast clouds
568,Bassum,DE,52.85,8.7333,60.8,93,100,8.52,overcast clouds
569,Ouesso,CG,1.6136,16.0517,72.79,85,71,2.73,broken clouds
570,Riga,LV,57.0,24.0833,52.03,83,0,5.75,clear sky
571,Nosy Varika,MG,-20.5833,48.5333,68.22,81,0,4.34,clear sky
572,Acarau,BR,-2.8856,-40.12,83.14,68,73,21.27,broken clouds
573,Yokadouma,CM,3.5167,15.05,70.2,97,100,1.63,overcast clouds
574,Morropon,PE,-5.1822,-79.9689,89.22,39,43,4.68,scattered clouds
575,Burayevo,RU,55.8407,55.4083,41.43,83,29,12.06,scattered clouds
576,Talnakh,RU,69.4865,88.3972,27.95,97,100,5.68,light snow
577,Lajeado,BR,-29.4669,-51.9614,73.4,62,98,11.86,overcast clouds
578,Nuuk,GL,64.1835,-51.7216,43.41,70,75,28.99,broken clouds
579,Dapaong,TG,10.8639,0.205,82.69,39,3,4.65,clear sky
580,Raudeberg,NO,61.9875,5.1352,46.96,38,100,8.61,overcast clouds
581,Kulebaki,RU,55.4133,42.5325,42.98,82,92,10.78,overcast clouds
582,Tostedt,DE,53.2833,9.7167,62.15,95,100,8.21,overcast clouds
583,Port Hawkesbury,CA,45.6169,-61.3485,65.91,84,0,6.91,clear sky
584,Malkara,TR,40.89,26.9011,54.95,74,14,14.88,few clouds
585,Palitana,IN,21.5167,71.8333,78.46,49,2,5.66,clear sky
586,Aquiraz,BR,-3.9014,-38.3911,84.29,68,100,15.26,overcast clouds
587,Joshimath,IN,30.5667,79.5667,55.06,66,19,3.91,few clouds
588,Springdale,US,36.1867,-94.1288,56.93,29,0,10.36,clear sky
589,Izhma,RU,65.0083,53.9113,43.83,91,100,9.75,light rain
590,Yol,IN,32.1667,76.2,64.98,62,0,7.14,clear sky
591,Lubango,AO,-14.9172,13.4925,64.51,73,98,2.71,overcast clouds
592,Eregli,TR,37.5133,34.0467,61.18,56,93,0.81,overcast clouds
593,Ploemeur,FR,47.7333,-3.4333,60.82,96,100,4.61,fog
594,La Sarre,CA,48.8002,-79.1996,40.84,88,100,9.24,overcast clouds
595,Malkangiri,IN,18.35,81.9,73.24,94,65,0.92,broken clouds
596,Nowy Dwor Mazowiecki,PL,52.4302,20.7165,64.26,79,0,8.05,clear sky
597,Ullapool,GB,57.8987,-5.1604,50.34,94,100,5.77,overcast clouds
598,Amapa,BR,1.0,-52.0,85.48,56,98,4.7,overcast clouds
599,Colonial Park,US,40.3006,-76.8097,64.11,58,75,16.11,broken clouds
600,Leon,MX,21.1167,-101.6667,82.15,45,100,4.81,overcast clouds
601,Saint-Leu,RE,-21.15,55.2833,70.66,79,52,3.31,light rain
602,Umm Lajj,SA,25.0213,37.2685,83.39,59,100,8.14,overcast clouds
603,Charagua,BO,-19.8,-63.2167,85.57,60,100,4.99,overcast clouds
604,Kontagora,NG,10.3999,5.4695,76.69,52,6,3.18,clear sky
605,Petrivka,UA,46.9695,30.9591,51.39,54,0,4.5,clear sky
606,Killybegs,IE,54.6333,-8.45,53.31,80,98,12.68,overcast clouds
607,Kuytun,RU,54.3419,101.5036,30.63,74,93,3.44,overcast clouds
608,Bindura,ZW,-17.3019,31.3306,72.77,28,36,7.85,scattered clouds
609,Banikoara,BJ,11.2985,2.4386,80.19,39,9,4.29,clear sky
610,Sotuta,MX,20.6,-89.0167,95.38,42,88,1.48,overcast clouds
611,Tendukheda,IN,23.4,79.55,69.19,75,0,4.63,clear sky
612,Port Blair,IN,11.6667,92.75,80.56,79,100,6.38,overcast clouds
613,Kyabe,TD,9.4515,18.9449,75.7,82,100,3.98,overcast clouds
614,Pokhara,NP,28.2333,83.9833,62.2,51,0,5.77,clear sky
615,Kulu,TR,39.0951,33.0799,55.6,77,80,19.6,broken clouds
616,Janauba,BR,-15.8025,-43.3089,95.76,18,11,3.8,few clouds
617,Brae,GB,60.3964,-1.353,47.82,86,100,27.81,light rain
618,Albert Town,JM,18.2943,-77.5424,79.3,77,74,1.68,moderate rain
619,San Vicente De Canete,PE,-13.0751,-76.3835,67.19,72,39,9.86,scattered clouds
620,Ayorou,NE,14.7308,0.9174,93.74,11,3,10.0,clear sky
621,Imbituba,BR,-28.24,-48.6703,68.5,71,8,7.92,clear sky
622,Winchester,GB,51.0651,-1.3187,56.64,85,0,4.61,clear sky
623,Dudinka,RU,69.4058,86.1778,31.51,99,99,5.66,light snow
624,Kargasok,RU,59.0556,80.8572,36.73,71,100,3.38,overcast clouds
625,Merthyr Tydfil,GB,51.7479,-3.3778,54.63,88,0,2.17,clear sky
626,Curaca,BR,-8.9903,-39.9094,93.54,18,0,15.08,clear sky
627,Chhindwara,IN,22.0667,78.9333,68.65,91,0,3.87,clear sky
628,Trujillo,PE,-8.116,-79.03,62.56,82,100,12.66,fog
629,Awbari,LY,26.5921,12.7805,73.35,37,0,8.46,clear sky
630,Laguna,US,38.421,-121.4238,77.18,58,0,4.61,clear sky
631,Itatskiy,RU,56.07,89.0369,38.21,96,100,18.07,light rain
632,Brazzaville,CG,-4.2658,15.2832,82.36,63,78,1.19,broken clouds
633,Selma,US,36.5708,-119.6121,78.17,56,0,0.0,clear sky
634,Gat,IL,31.61,34.7642,74.08,67,0,4.05,clear sky
635,Gasa,PS,31.5,34.4667,75.33,65,0,7.25,clear sky
636,Bria,CF,6.5423,21.9863,68.94,98,95,1.68,overcast clouds
637,Ilebo,CD,-4.3167,20.5833,71.44,94,32,1.68,light rain
638,Najran,SA,17.4924,44.1277,72.25,20,100,4.5,overcast clouds
639,Arkhangelsk,RU,64.5401,40.5433,42.91,100,100,13.42,overcast clouds
640,Kongwa,TZ,-6.2,36.4167,72.32,53,11,7.2,few clouds
641,Uruzgan,AF,32.8333,66.0,59.38,21,4,7.02,clear sky
642,Luanda,AO,-8.8368,13.2343,77.0,78,75,11.5,broken clouds
643,Shubarshi,KZ,48.5872,57.1869,41.88,57,1,4.76,clear sky
644,Tamara,HN,14.15,-87.3333,80.35,42,20,2.3,few clouds
645,Sagua La Grande,CU,22.8067,-80.0756,90.59,71,60,6.91,moderate rain
646,Saint-Louis,SN,16.3333,-15.0,97.05,33,62,4.16,broken clouds
647,Lokosovo,RU,61.1333,74.8167,41.2,91,100,3.22,overcast clouds
648,Pindwara,IN,24.8,73.0667,71.13,46,0,3.91,clear sky
649,Kurtamysh,RU,54.9103,64.4319,43.18,81,98,8.41,overcast clouds
650,Kudahuvadhoo,MV,2.6708,72.8944,81.0,72,100,11.59,overcast clouds
651,Manhush,UA,47.0558,37.3107,51.85,52,0,7.83,clear sky
652,Bomet,KE,-0.7813,35.3416,57.81,90,94,4.29,overcast clouds
653,Ofaqim,IL,31.3141,34.6203,73.22,66,0,6.06,clear sky
654,Abha,SA,18.2164,42.5053,64.65,20,0,5.75,clear sky
655,Mercedes,AR,-34.6515,-59.4307,71.04,32,89,17.74,overcast clouds
656,Luis Correia,BR,-2.8792,-41.6669,87.8,70,20,16.11,few clouds
657,Knysna,ZA,-34.0363,23.0471,63.07,90,100,5.55,overcast clouds
658,Saquena,PE,-4.6667,-73.5167,88.03,61,100,0.98,overcast clouds
659,Baranain,ES,42.8057,-1.6773,65.64,92,20,4.61,few clouds
660,Masakin,TN,35.7292,10.5808,77.2,73,20,9.22,few clouds
661,Iquique,CL,-20.2208,-70.1431,62.64,69,30,8.84,scattered clouds
662,Kirillov,RU,59.863,38.3813,46.63,79,92,13.49,overcast clouds
663,Tabuk,PH,17.4189,121.4443,72.95,90,77,1.83,broken clouds
664,Gornopravdinsk,RU,60.05,69.9,39.24,92,100,4.7,overcast clouds
665,Burgthann,DE,49.352,11.3115,57.52,89,71,2.33,broken clouds
666,Vorobyevka,RU,50.6451,40.9245,42.17,66,1,7.67,clear sky
667,Puerto Leguizamo,CO,-0.1934,-74.7819,86.29,63,100,1.61,overcast clouds
668,Maturin,VE,9.75,-63.1767,89.44,66,88,3.44,overcast clouds
669,Abadan,IR,30.3392,48.3043,76.95,73,8,2.3,clear sky
